City_ID,City,Lat,Lng,Max Temp,Humidity,Cloudiness,Wind Speed,Country,Date
0,adamstown,-25.066,-130.1015,24.9,76,93,4.5,PN,1708301862
1,waitangi,-43.9535,-176.5597,19.34,93,5,12.26,NZ,1708301863
2,illizi,26.4833,8.4667,13.89,19,8,4.69,DZ,1708301864
3,devon,50.75,-3.75,10.23,94,95,5.01,GB,1708301826
4,port mathurin,-19.6833,63.4167,26.42,71,66,5.56,MU,1708301866
5,albany,42.6001,-73.9662,-0.18,56,96,4.26,US,1708301867
6,vice,-5.4167,-80.7833,28.62,65,73,7.39,PE,1708301867
7,harstad,68.799,16.5293,-0.34,91,99,8.94,NO,1708301868
8,puerto natales,-51.7236,-72.4875,13.45,74,92,3.86,CL,1708301870
9,katsuura,35.1333,140.3,16.38,67,38,7.17,JP,1708301872
10,kalajoki,64.25,23.95,-6.16,96,94,3.54,FI,1708301873
11,bethel,41.3712,-73.414,1.93,55,0,2.57,US,1708301874
12,ivdel',60.6911,60.4206,-11.56,84,84,4.02,RU,1708301875
13,port-aux-francais,-49.35,70.2167,4.54,81,53,10.62,TF,1708301877
14,armacao de buzios,-22.7469,-41.8817,25.03,89,87,1.29,BR,1708301878
15,minas de marcona,-15.2119,-75.1103,19.91,77,70,4.93,PE,1708301879
16,utrik,11.2278,169.8474,26.17,84,95,5.46,MH,1708301880
17,marang,5.2056,103.2059,24.95,87,75,0.47,MY,1708301881
18,virac,13.6333,124.2167,22.62,72,56,5.34,PH,1708301882
19,qaqortoq,60.7167,-46.0333,-3.6,79,100,2.82,GL,1708301883
20,arraial do cabo,-22.9661,-42.0278,24.98,87,71,2.42,BR,1708301758
21,ushuaia,-54.8,-68.3,9.06,98,100,2.0,AR,1708301662
22,iqaluit,63.7506,-68.5145,-33.15,62,0,10.29,CA,1708301886
23,invercargill,-46.4,168.35,16.12,63,80,11.18,NZ,1708301887
24,zouerate,22.7187,-12.4521,22.29,20,10,8.45,MR,1708301888
25,kapuskasing,49.4169,-82.4331,-15.95,66,40,5.66,CA,1708301889
26,talavera de la reina,39.9635,-4.8308,8.56,75,55,0.87,ES,1708301891
27,flying fish cove,-10.4217,105.6791,27.82,78,75,2.06,CX,1708301892
28,nuuk,64.1835,-51.7216,-0.66,100,100,3.09,GL,1708301632
29,bikenibeu village,1.3673,173.1241,31.98,70,40,5.14,KI,1708301894
30,dudinka,69.4058,86.1778,-20.77,91,100,12.07,RU,1708301895
31,toliara,-23.35,43.6667,26.06,65,38,5.0,MG,1708301896
32,antalaha,-14.9003,50.2788,24.83,93,100,2.82,MG,1708301838
33,pangody,65.85,74.4859,-16.91,85,100,12.9,RU,1708301898
34,mata-utu,-13.2816,-176.1745,26.96,87,100,5.51,WF,1708301899
35,ilulissat,69.2167,-51.1,-9.99,92,75,1.54,GL,1708301901
36,gazi,35.3253,25.0669,12.89,73,20,6.17,GR,1708301902
37,saipan,15.1355,145.701,24.39,88,100,7.2,MP,1708301903
38,bandar-e lengeh,26.5579,54.8807,16.06,36,0,2.06,IR,1708301904
39,khandyga,62.6667,135.6,-33.35,96,100,0.92,RU,1708301905
40,nafada,11.0956,11.3327,23.85,17,4,3.44,NG,1708301906
41,papatowai,-46.5619,169.4708,11.64,82,98,9.72,NZ,1708301907
42,pathein,16.7833,94.7333,23.3,61,0,5.71,MM,1708301908
43,luena,-11.7833,19.9167,17.78,94,87,2.19,AO,1708301908
44,enewetak,11.3474,162.3373,26.19,72,100,6.29,MH,1708301909
45,klyuchi,52.2667,79.1667,-27.03,99,15,2.69,RU,1708301911
46,edinburgh of the seven seas,-37.0676,-12.3116,14.9,65,30,9.37,SH,1708301912
47,gwadar,25.1216,62.3254,22.49,70,21,6.68,PK,1708301913
48,kodiak,57.79,-152.4072,5.73,87,100,2.06,US,1708301914
49,taos,36.4072,-105.5731,7.37,43,75,3.6,US,1708301915
50,tolanaro,-25.0319,46.9987,20.93,98,48,1.85,MG,1708301916
51,kharkhorin,47.1975,102.8238,-32.79,99,23,1.02,MN,1708301917
52,vilyuchinsk,52.9306,158.4028,-8.85,54,97,2.98,RU,1708301918
53,yellowknife,62.456,-114.3525,-16.99,83,75,2.57,CA,1708301919
54,olonkinbyen,70.9221,-8.7187,0.05,92,100,3.95,SJ,1708301920
55,vuktyl,63.8567,57.3094,-10.5,92,100,8.05,RU,1708301921
56,arar,30.9753,41.0381,11.01,62,0,2.06,SA,1708301922
57,blackmans bay,-43.0167,147.3167,17.07,75,100,0.89,AU,1708301923
58,hawaiian paradise park,19.5933,-154.9731,21.73,81,100,5.14,US,1708301923
59,mokhsogollokh,61.4681,128.9203,-37.2,100,99,1.3,RU,1708301924
60,grytviken,-54.2811,-36.5092,4.0,89,67,6.4,GS,1708301925
61,fairfield,41.2668,-73.3162,2.01,54,0,2.57,US,1708301926
62,puerto ayora,-0.7393,-90.3518,24.75,100,90,2.24,EC,1708301927
63,tazovsky,67.4667,78.7,-17.45,79,100,11.74,RU,1708301928
64,nouadhibou,20.931,-17.0347,19.99,83,0,6.17,MR,1708301929
65,touros,-5.1989,-35.4608,27.65,83,33,4.37,BR,1708301930
66,usinsk,65.9939,57.5281,-8.58,92,100,9.84,RU,1708301931
67,sanski most,44.7653,16.6656,6.96,85,7,1.84,BA,1708301932
68,bocaiuva,-17.1078,-43.815,21.84,94,97,1.85,BR,1708301933
69,midland,31.9974,-102.0779,12.37,35,0,5.14,US,1708301704
70,cruzeiro do sul,-29.5128,-51.9853,25.6,87,32,1.41,BR,1708301934
71,college,64.8569,-147.8028,-5.52,60,75,0.0,US,1708301935
72,nabire,-3.3667,135.4833,25.98,82,100,3.32,ID,1708301936
73,tiksi,71.6872,128.8694,-37.7,97,78,3.38,RU,1708301937
74,st. john's,47.5649,-52.7093,-4.62,88,40,12.86,CA,1708301718
75,margaret river,-33.95,115.0667,23.47,62,100,6.11,AU,1708301681
76,bredasdorp,-34.5322,20.0403,17.68,82,0,3.77,ZA,1708301940
77,saudarkrokur,65.7461,-19.6394,0.48,84,99,2.69,IS,1708301941
78,alofi,-19.0595,-169.9187,29.94,62,69,9.26,NU,1708301942
79,ribeira grande,38.5167,-28.7,16.54,79,11,2.24,PT,1708301943
80,salekhard,66.53,66.6019,-10.92,95,100,5.87,RU,1708301944
81,gulf shores,30.246,-87.7008,11.11,44,0,1.54,US,1708301688
82,snihurivka,47.0758,32.8052,1.41,76,98,4.37,UA,1708301946
83,punta arenas,-53.15,-70.9167,12.84,76,99,4.74,CL,1708301785
84,takoradi,4.8845,-1.7554,27.29,86,96,2.83,GH,1708301948
85,codrington,-38.2667,141.9667,18.56,68,24,5.21,AU,1708301949
86,vorgashor,67.5833,63.95,-11.89,90,100,8.65,RU,1708301949
87,petropavlovsk-kamchatsky,53.0452,158.6483,-9.67,62,0,4.02,RU,1708301827
88,undurkhaan,47.3194,110.6556,-36.18,96,41,1.85,MN,1708301952
89,tozkhurmato,34.8905,44.6299,10.99,76,7,1.75,IQ,1708301953
90,ginneken,51.5659,4.7931,9.44,93,100,4.12,NL,1708301684
91,broken hill,-31.95,141.4333,30.03,16,0,5.97,AU,1708301955
92,port alfred,-33.5906,26.891,19.54,92,82,0.45,ZA,1708301956
93,wailua homesteads,22.0669,-159.378,24.24,55,20,8.75,US,1708301958
94,achinsk,56.2694,90.4993,-32.67,100,23,0.89,RU,1708301960
95,kisangani,0.5167,25.2,21.07,90,100,1.01,CD,1708301962
96,port lincoln,-34.7333,135.8667,21.96,66,87,5.71,AU,1708301963
97,whitehorse,60.7161,-135.0538,-1.61,63,75,6.17,CA,1708301964
98,hastings,50.8552,0.5729,9.99,46,12,3.64,GB,1708301712
99,kaga bandoro,6.9896,19.1874,26.68,36,100,0.9,CF,1708301967
100,kone,-21.0595,164.8658,31.29,51,2,3.85,NC,1708301968
101,fortuna,40.5982,-124.1573,11.31,95,75,8.75,US,1708301969
102,lihue,21.9789,-159.3672,24.58,54,20,8.75,US,1708301970
103,cockburn town,21.4612,-71.1419,25.86,87,38,7.33,TC,1708301972
104,orbe,46.725,6.5307,10.69,89,100,2.02,CH,1708301973
105,el granada,37.5027,-122.4694,18.43,84,75,12.86,US,1708301974
106,gadzhiyevo,69.2551,33.3362,-6.81,85,81,10.37,RU,1708301975
107,vila franca do campo,37.7167,-25.4333,18.27,99,100,2.64,PT,1708301976
108,badger,64.8,-147.5333,-5.57,67,75,0.0,US,1708301977
109,jamestown,42.097,-79.2353,-0.23,69,100,4.47,US,1708301797
110,la passe,45.5549,-0.8967,11.13,94,100,3.78,FR,1708301979
111,tralee,52.2704,-9.7026,10.55,94,100,4.95,IE,1708301980
112,bilibino,68.0546,166.4372,-23.02,80,95,2.08,RU,1708301981
113,san patricio,28.017,-97.5169,13.97,49,2,1.63,US,1708301982
114,volosovo,59.4333,29.4833,-9.56,96,27,1.8,RU,1708301983
115,ugoofaaru,5.6667,73.0,27.96,74,61,5.4,MV,1708301984
116,cabo san lucas,22.8909,-109.9124,28.17,29,0,4.63,MX,1708301580
117,pisco,-13.7,-76.2167,26.68,78,0,7.72,PE,1708301986
118,tsiombe,-25.3,45.4833,22.93,85,5,6.41,MG,1708301987
119,nar'yan-mar,67.6713,53.087,-12.16,94,99,5.81,RU,1708301988
120,ust-nera,64.5667,143.2,-31.93,95,100,0.81,RU,1708301989
121,nadi,-17.8,177.4167,30.0,74,75,1.03,FJ,1708301991
122,waupun,43.6333,-88.7296,1.06,81,7,1.97,US,1708301992
123,hermanus,-34.4187,19.2345,19.33,75,0,5.68,ZA,1708301993
124,carauari,-4.8828,-66.8958,24.98,97,95,1.12,BR,1708301994
125,cuenca,-2.8833,-78.9833,19.07,52,40,3.6,EC,1708301727
126,jishu,44.3167,126.8,-10.8,87,100,3.99,CN,1708301997
127,charters towers,-20.1,146.2667,27.18,57,100,3.62,AU,1708301998
128,yaren,-0.5472,166.916,28.84,79,95,4.38,NR,1708301999
129,porto velho,-8.7619,-63.9039,26.03,89,40,0.51,BR,1708302001
130,merritt,50.1123,-120.7942,2.4,55,76,0.45,CA,1708302005
131,buala,-8.145,159.5921,30.45,67,79,3.52,SB,1708302006
132,constantia,44.1833,28.65,5.39,73,96,4.45,RO,1708302008
133,west island,-12.1568,96.8225,27.99,78,20,3.09,CC,1708302009
134,birao,10.2849,22.7882,22.31,18,82,2.8,CF,1708302010
135,chabahar,25.2919,60.643,21.61,63,45,10.3,IR,1708302011
136,noosa heads,-26.3833,153.15,28.95,62,30,3.43,AU,1708302012
137,lata,40.1629,-8.3327,13.37,95,68,0.88,PT,1708302013
138,langfang,39.5097,116.6947,-0.39,27,98,7.63,CN,1708302014
139,thompson,55.7435,-97.8558,-19.91,65,75,2.06,CA,1708302015
140,afaahiti,-17.75,-149.2833,30.93,78,100,7.21,PF,1708302016
141,happy valley-goose bay,53.3168,-60.3315,-10.83,85,100,2.57,CA,1708302017
142,sisimiut,66.9395,-53.6735,-14.46,95,99,2.33,GL,1708302018
143,tortoli,39.9256,9.6572,12.9,88,0,5.14,IT,1708302019
144,zyrya,40.3661,50.2917,2.05,53,66,2.03,AZ,1708302020
145,cidreira,-30.1811,-50.2056,23.79,87,1,6.48,BR,1708302022
146,rio grande,-32.035,-52.0986,24.41,89,22,6.75,BR,1708302023
147,atafu village,-8.5421,-172.5159,29.03,80,58,5.84,TK,1708302024
148,lompoc,34.6391,-120.4579,15.43,93,100,8.23,US,1708302025
149,fort mcmurray,56.7268,-111.381,-3.23,50,0,2.57,CA,1708301844
150,annau,37.8876,58.516,-5.28,93,100,4.12,TM,1708302027
151,stanley,54.868,-1.6985,8.49,90,0,5.14,GB,1708302028
152,chimichagua,9.2578,-73.8123,32.99,49,84,0.6,CO,1708302029
153,tete,-16.1564,33.5867,28.05,65,40,2.57,MZ,1708302030
154,camacupa,-12.0167,17.4833,16.98,97,100,1.83,AO,1708302032
155,nizhneudinsk,54.9076,99.0276,-35.07,99,41,0.75,RU,1708302033
156,kupang,-10.1667,123.5833,29.32,94,75,5.14,ID,1708302034
157,qamdo,31.1667,97.2333,-8.52,61,66,3.12,CN,1708302035
158,sitka,57.0531,-135.33,8.94,66,100,0.0,US,1708302036
159,nasipit,8.9692,125.2947,24.66,72,70,2.0,PH,1708302037
160,lubumbashi,-11.6609,27.4794,18.36,98,100,1.48,CD,1708302038
161,tirmitine,36.6539,3.9814,8.72,94,22,0.47,DZ,1708302040
162,niafunke,15.9322,-3.9906,23.9,11,0,5.5,ML,1708302042
163,ampanihy,-24.7,44.75,21.15,88,19,4.94,MG,1708301838
164,nadvoitsy,63.8667,34.3167,-10.95,86,17,3.9,RU,1708302044
165,korba,22.35,82.6833,19.24,48,2,0.37,IN,1708302045
166,les avirons,-21.2418,55.3394,23.05,73,20,5.14,RE,1708302046
167,colonia,50.9333,6.95,9.98,87,75,7.2,DE,1708302047
168,carira,-10.3608,-37.7011,25.27,78,93,3.45,BR,1708302048
169,laguna,38.421,-121.4238,20.59,57,75,11.83,US,1708302042
170,padampur,29.6833,73.6167,18.1,36,23,4.72,IN,1708302050
171,bembibre,42.6177,-6.4155,14.11,97,58,0.45,ES,1708302051
172,gainsborough,53.3833,-0.7667,11.51,94,20,3.71,GB,1708302052
173,miyaly,48.8844,53.7836,-14.18,83,33,4.17,KZ,1708302053
174,haiku-pauwela,20.9219,-156.3051,23.98,63,40,8.75,US,1708302054
175,warrnambool,-38.3833,142.4833,20.52,57,11,4.72,AU,1708302055
176,sabang,5.8933,95.3214,28.13,70,85,6.42,ID,1708302056
177,balaghat,21.8,80.1833,20.32,43,19,1.42,IN,1708302057
178,kununurra,-15.7667,128.7333,29.99,74,100,3.6,AU,1708302057
179,isafjordur,66.0755,-23.124,3.47,86,99,1.05,IS,1708302058
180,udachny,66.4167,112.4,-20.39,97,100,7.11,RU,1708302059
181,acajutla,13.5928,-89.8275,28.19,70,31,4.38,SV,1708302060
182,arboga,59.3939,15.8388,1.19,98,100,3.67,SE,1708302061
183,saint-philippe,-21.3585,55.7679,24.77,82,100,6.96,RE,1708302062
184,pacific grove,36.6177,-121.9166,17.82,81,49,4.02,US,1708302063
185,mount gambier,-37.8333,140.7667,21.68,49,13,2.9,AU,1708302064
186,spanish fort,30.6749,-87.9153,10.48,51,40,3.09,US,1708302066
187,avarua,-21.2078,-159.775,28.03,65,40,6.17,CK,1708302067
188,caxias,38.7031,-9.2767,14.71,85,0,4.47,PT,1708302068
189,nykobing sjaelland,55.9249,11.6711,5.18,95,100,3.77,DK,1708302069
190,kill devil hills,36.0307,-75.676,6.66,60,0,4.12,US,1708302070
191,kenai,60.5544,-151.2583,4.05,80,100,4.63,US,1708302071
192,divnomorskoye,44.5011,38.1353,5.66,73,100,1.24,RU,1708302072
193,brookings,44.3114,-96.7984,0.0,64,0,0.0,US,1708302073
194,iquique,-20.2208,-70.1431,24.02,79,100,1.65,CL,1708301978
195,abepura,-2.6333,140.5833,28.45,79,20,1.03,ID,1708302075
196,vernon,50.2581,-119.2691,4.23,61,42,0.51,CA,1708302076
197,kluang,2.0251,103.3328,24.38,93,97,1.14,MY,1708302078
198,sarangani,5.4033,125.4636,26.87,72,7,1.86,PH,1708302079
199,cill airne,52.05,-9.5167,10.74,94,99,5.22,IE,1708302080
200,sao desiderio,-12.3633,-44.9733,23.09,84,57,1.3,BR,1708302081
201,labrador city,52.9463,-66.9114,-19.9,61,75,3.6,CA,1708302082
202,zapala,-38.8992,-70.0544,25.66,25,5,4.42,AR,1708302083
203,banda aceh,5.5577,95.3222,28.16,73,93,7.99,ID,1708302084
204,melfort,52.8667,-104.6177,-7.93,67,90,4.12,CA,1708301905
205,kulhudhuffushi,6.6221,73.07,27.71,76,87,2.87,MV,1708302086
206,masterton,-40.9597,175.6575,22.28,91,100,8.83,NZ,1708302087
207,kokopo,-4.352,152.2633,27.97,77,74,4.43,PG,1708302088
208,nytva,57.9404,55.334,-9.06,92,100,6.71,RU,1708302089
209,ancud,-41.8697,-73.8203,15.04,79,73,4.69,CL,1708302090
210,samarinda,-0.5,117.15,26.49,83,58,1.74,ID,1708302091
211,yamada,39.4667,141.95,12.48,76,86,4.52,JP,1708302092
212,constitucion,-35.3333,-72.4167,14.96,81,6,2.87,CL,1708302093
213,san pedro,14.35,121.0167,27.97,74,36,4.92,PH,1708302094
214,edinboro,41.8742,-80.1317,-0.85,72,99,6.54,US,1708302095
215,vila velha,-20.3297,-40.2925,26.64,92,75,0.45,BR,1708302096
216,shentala,54.45,51.4833,-8.98,85,100,9.58,RU,1708302097
217,florence,43.7667,11.25,11.49,90,0,1.54,IT,1708302098
218,sinop,41.7711,34.8709,2.34,97,100,1.64,TR,1708302083
219,aasiaat,68.7098,-52.8699,-16.21,96,93,3.54,GL,1708302100
220,amahai,-3.3333,128.9167,28.51,73,92,2.0,ID,1708302101
221,new norfolk,-42.7826,147.0587,17.73,54,100,0.51,AU,1708302102
222,kailua-kona,19.6406,-155.9956,26.39,74,75,5.66,US,1708302103
223,albu kamal,34.45,40.9186,12.17,66,8,0.8,SY,1708302105
224,bamboo flat,11.7,92.7167,26.05,69,100,1.54,IN,1708302106
225,shingu,33.7333,135.9833,15.21,97,90,1.23,JP,1708302107
226,newman,37.3138,-121.0208,20.16,70,34,4.47,US,1708302108
227,porto novo,6.4965,2.6036,28.9,80,3,3.28,BJ,1708302109
228,lebu,-37.6167,-73.65,14.46,82,0,9.26,CL,1708302110
229,kirensk,57.7853,108.1119,-31.13,99,100,1.79,RU,1708302111
230,al mutayrifi,25.4788,49.5576,13.19,51,1,3.03,SA,1708302113
231,east london,-33.0153,27.9116,19.86,92,60,2.96,ZA,1708302114
232,manokwari,-0.8667,134.0833,26.48,85,100,2.77,ID,1708302116
233,annaba,36.9,7.7667,11.98,94,75,1.54,DZ,1708302118
234,talnakh,69.4865,88.3972,-21.0,91,100,7.55,RU,1708302120
235,dadukou,26.5479,101.7054,8.79,62,0,0.82,CN,1708302121
236,antsiranana,-12.2787,49.2917,26.55,87,100,3.82,MG,1708302122
237,levuka,50.1834,-105.4011,-5.16,90,100,2.8,CA,1708302123
238,nemuro,43.3236,145.575,2.57,85,52,8.84,JP,1708302124
239,posto fiscal rolim de moura,-13.0833,-62.2667,27.89,77,99,2.57,BR,1708302108
240,crane,31.3974,-102.3501,13.18,29,23,4.76,US,1708302127
241,ras el aioun,35.6738,5.6453,8.88,86,3,2.0,DZ,1708302128
242,mosjoen,65.836,13.1908,-6.71,93,100,0.0,NO,1708302129
243,victoria point,-27.5833,153.3,30.04,71,34,1.79,AU,1708302130
244,wynyard,-41.0,145.7167,23.33,46,3,1.55,AU,1708302131
245,rongelap,11.1635,166.8941,26.5,79,100,5.98,MH,1708302132
246,sakakah,29.9697,40.2064,9.76,56,2,1.3,SA,1708302133
247,floresta,-8.6011,-38.5686,26.52,76,61,4.28,BR,1708302135
248,taihecun,45.8,130.85,-8.86,93,100,6.08,CN,1708302079
249,val-d'or,48.1002,-77.7828,-11.95,85,100,4.12,CA,1708302043
250,huarmey,-10.0681,-78.1522,25.26,76,65,3.33,PE,1708302139
251,kishtwar,33.3167,75.7667,4.57,99,100,1.82,IN,1708302141
252,olonets,60.9847,32.9698,-16.04,100,46,1.7,RU,1708302142
253,tari,12.4086,4.4914,24.78,13,98,4.5,NG,1708302143
254,callao,-12.0667,-77.15,25.16,69,0,6.69,PE,1708302145
255,solleftea,63.1667,17.2667,-6.08,98,99,1.05,SE,1708302146
256,forster,-32.1667,152.5167,25.77,85,94,1.5,AU,1708302148
257,karpinsk,59.7654,60.0085,-15.46,94,57,3.45,RU,1708302149
258,carinhanha,-14.3047,-43.765,22.7,92,95,0.69,BR,1708302150
259,tukzar,35.9483,66.4213,-3.1,97,100,2.36,AF,1708302151
260,brisas de zicatela,15.8369,-97.0419,28.29,69,20,1.54,MX,1708302152
261,sao jose da coroa grande,-8.8978,-35.1478,26.65,88,100,1.95,BR,1708302153
262,caleta de carquin,-11.0925,-77.6267,24.79,80,98,3.93,PE,1708302155
263,cape coast,5.1053,-1.2466,27.37,88,83,4.1,GH,1708302156
264,chui,-33.6971,-53.4616,22.57,95,50,4.91,UY,1708302157
265,mantenopolis,-18.8625,-41.1228,22.21,94,100,1.04,BR,1708302158
266,longyearbyen,78.2186,15.6401,-12.09,61,40,8.23,SJ,1708302159
267,ifrane,33.3333,-5.25,5.16,70,2,4.47,MA,1708302160
268,villa emilio carranza,19.9667,-96.6,16.38,81,98,3.42,MX,1708302161
269,rabaul,-4.1967,152.1721,28.7,76,67,7.23,PG,1708302162
270,guerrero negro,27.9769,-114.0611,16.98,66,38,7.41,MX,1708302163
271,greymouth,-42.4667,171.2,16.53,89,93,8.31,NZ,1708302164
272,buka,40.8108,69.1986,-1.99,97,100,1.72,UZ,1708302165
273,kirakira,-10.4544,161.9205,29.4,79,42,3.25,SB,1708302166
274,koidu,8.4167,-10.8333,24.54,88,53,0.83,SL,1708302167
275,grants,35.1473,-107.8514,12.13,22,75,7.72,US,1708302168
276,lerwick,60.1545,-1.1494,8.0,88,85,6.24,GB,1708302169
277,kholmsk,47.0511,142.0569,2.91,97,100,6.33,RU,1708302170
278,merizo village,13.2658,144.6691,28.31,81,26,7.42,GU,1708302172
279,new plymouth,-39.0667,174.0833,22.12,86,11,5.92,NZ,1708302173
280,maintirano,-18.0667,44.0167,25.93,89,86,2.92,MG,1708302174
281,tomatlan,19.9333,-105.25,28.48,41,0,3.55,MX,1708302175
282,chonchi,-42.6128,-73.8092,17.4,65,76,2.24,CL,1708302176
283,bathsheba,13.2167,-59.5167,27.34,78,20,8.75,BB,1708302177
284,portland,45.5234,-122.6762,11.49,78,75,4.12,US,1708301705
285,georgetown,5.4112,100.3354,28.3,90,20,2.06,MY,1708302178
286,kudat,6.8837,116.8477,26.96,89,40,1.03,MY,1708302179
287,hithadhoo,-0.6,73.0833,28.53,78,98,6.42,MV,1708302180
288,kudahuvadhoo,2.6708,72.8944,27.91,82,91,5.14,MV,1708302181
289,nishinoomote,30.7333,131.0,20.31,94,75,4.63,JP,1708302182
290,selkirk,50.1436,-96.8845,-7.96,91,68,2.39,CA,1708302183
291,hamilton,39.1834,-84.5333,4.35,49,0,3.09,US,1708301726
292,wawa,9.9022,4.4192,29.19,17,23,1.86,NG,1708302185
293,kristiansund,63.1115,7.732,-0.64,64,40,2.06,NO,1708302186
294,villanueva de cordoba,38.3228,-4.6287,6.95,82,54,0.83,ES,1708302187
295,farafenni,13.5667,-15.6,27.6,34,13,3.68,GM,1708302188
296,reggane,26.7158,0.1714,17.72,35,26,6.45,DZ,1708302189
297,sovetskaya gavan',48.9723,140.2878,-11.05,91,100,4.3,RU,1708302190
298,susuman,62.7833,148.1667,-32.79,93,100,0.89,RU,1708302191
299,anadyr,64.75,177.4833,-9.72,73,20,22.0,RU,1708302192
300,sibu,2.3,111.8167,25.17,94,40,1.54,MY,1708302193
301,taoudenni,22.6783,-3.9836,19.27,33,0,6.95,ML,1708302195
302,cherlak,54.155,74.8055,-35.57,100,67,0.56,RU,1708302197
303,samus',56.7475,84.6992,-37.04,100,98,0.79,RU,1708302198
304,viitasaari,63.0667,25.8667,-5.9,85,94,3.63,FI,1708302199
305,creel,27.75,-107.6333,13.69,22,15,5.92,MX,1708302200
306,kogalym,62.2654,74.4791,-22.35,86,100,9.83,RU,1708302202
307,dawei,14.0833,98.2,21.53,71,94,1.16,MM,1708302203
308,tropea,38.6754,15.8948,11.61,75,5,2.1,IT,1708302204
309,hadibu,12.65,54.0333,24.56,59,18,3.93,YE,1708302205
310,vredendal,-31.6683,18.5012,20.38,38,2,0.9,ZA,1708302206
311,korla,41.7597,86.1469,-6.99,51,87,1.26,CN,1708302207
312,riosucio,5.4216,-75.7032,18.89,92,89,0.92,CO,1708302208
313,nyurba,63.2842,118.3319,-27.22,96,100,3.28,RU,1708302211
314,viedma,-40.8135,-62.9967,19.83,48,61,6.73,AR,1708302212
315,brezina,33.0989,1.2608,11.34,56,26,3.06,DZ,1708302213
316,bubaque,11.2833,-15.8333,26.24,77,4,6.98,GW,1708302214
317,carrigaline,51.8117,-8.3986,10.86,93,75,5.14,IE,1708302215
318,waspan,14.7419,-83.9717,27.0,72,75,4.25,NI,1708302216
319,fale old settlement,-9.3852,-171.2468,28.94,81,88,6.52,TK,1708302217
320,la palma,33.8464,-118.0467,19.78,68,75,4.12,US,1708302217
321,boa vista,2.8197,-60.6733,30.99,45,0,4.12,BR,1708302218
322,karwar,14.8,74.1333,22.94,74,77,2.5,IN,1708302220
323,makoua,0.0069,15.6333,25.95,68,100,1.62,CG,1708302221
324,san antonio de pale,-1.4014,5.6325,28.74,75,79,1.66,GQ,1708302222
325,umba,66.6871,34.3429,-11.71,93,89,3.85,RU,1708302222
326,debark',13.1561,37.8981,11.94,51,5,0.89,ET,1708302223
327,goldsboro,35.3849,-77.9928,4.95,48,0,1.54,US,1708302225
328,najran,17.4924,44.1277,16.36,59,53,1.4,SA,1708302227
329,bullhead city,35.1478,-114.5683,24.92,25,0,3.6,US,1708302228
330,port elizabeth,-33.918,25.5701,20.73,90,20,6.17,ZA,1708302229
331,puerto madero,14.7208,-92.4215,28.11,74,75,0.0,MX,1708302230
332,naval,11.5606,124.3975,25.6,77,97,7.89,PH,1708302232
333,sibolga,1.7427,98.7792,25.19,89,100,1.91,ID,1708302233
334,baikonur,45.6167,63.3167,-10.56,38,100,8.99,KZ,1708302234
335,gurupi,-11.7292,-49.0686,24.87,86,98,1.12,BR,1708302235
336,altamira,-3.2033,-52.2064,23.94,98,100,1.29,BR,1708302237
337,tual,-5.6667,132.75,28.6,76,97,3.64,ID,1708302238
338,debeljaca,45.0711,20.6,5.69,76,9,1.64,RS,1708302239
339,nova xavantina,-14.6667,-52.35,23.95,93,100,1.28,BR,1708302240
340,sault ste. marie,46.5168,-84.3333,-6.69,79,100,7.2,CA,1708302055
341,puerto armuelles,8.2833,-82.8667,29.99,67,96,0.45,PA,1708302243
342,dampit,-8.2116,112.7493,24.77,87,69,0.93,ID,1708302244
343,loreto,22.2667,-101.9667,17.71,22,0,0.81,MX,1708302246
344,morwell,-38.2333,146.4,18.0,54,71,1.6,AU,1708302248
345,'ain el melh,34.8415,4.1638,9.65,77,4,2.08,DZ,1708302249
346,ujiie,36.6833,139.9667,10.85,87,100,2.47,JP,1708302250
347,belmonte,-15.8631,-38.8828,26.08,88,100,3.76,BR,1708302251
348,ponta delgada,37.7333,-25.6667,18.44,94,20,1.03,PT,1708302252
349,ljusdal,61.8288,16.0913,-5.26,98,100,1.05,SE,1708302253
350,howrah,22.5892,88.3103,20.0,94,40,0.0,IN,1708302254
351,melekeok village,7.4957,134.6367,28.31,78,75,3.6,PW,1708302256
352,floro,61.5996,5.0328,4.04,87,100,5.14,NO,1708302256
353,alto araguaia,-17.3147,-53.2153,20.93,89,100,0.64,BR,1708302258
354,pasuquin,18.3328,120.6177,24.97,83,20,1.54,PH,1708302259
355,praia da vitoria,38.7333,-27.0667,17.14,94,75,3.08,PT,1708302259
356,tripoli,32.8752,13.1875,14.72,75,81,4.36,LY,1708302260
357,al kharijah,25.4514,30.5464,13.12,44,2,3.29,EG,1708302261
358,palikir - national government center,6.9248,158.1611,28.47,84,75,5.66,FM,1708302264
359,barro,-6.7167,-38.8667,24.56,83,91,1.04,BR,1708302103
360,bantay,17.5847,120.3892,25.71,66,4,2.73,PH,1708302266
361,grand falls-windsor,48.9332,-55.6649,-6.39,76,58,4.02,CA,1708302267
362,kutum,14.2,24.6667,16.42,19,81,2.81,SD,1708302268
363,camalu,30.85,-116.0667,19.25,67,89,4.82,MX,1708302269
364,shira,54.4911,89.9531,-30.99,97,92,1.47,RU,1708302090
365,hailar,49.2,119.7,-25.15,96,100,6.2,CN,1708302271
366,groningen,53.25,6.75,7.79,93,100,5.66,NL,1708302058
367,urangan,-25.3,152.9,30.11,71,1,4.92,AU,1708302273
368,sarina,-21.4333,149.2167,30.15,19,88,5.44,AU,1708302274
369,mangrol,21.1167,70.1167,22.28,74,14,2.64,IN,1708302275
370,akureyri,65.6835,-18.0878,-1.04,93,0,1.54,IS,1708302276
371,urzhar,47.093,81.6294,-26.28,87,4,1.84,KZ,1708302277
372,taltal,-25.4,-70.4833,20.51,80,51,2.03,CL,1708302020
373,argo,37.6333,22.7333,9.32,73,1,1.25,GR,1708302279
374,palwancha,17.5815,80.6765,19.51,88,66,1.19,IN,1708302280
375,talcahuano,-36.7167,-73.1167,18.82,63,0,5.66,CL,1708302281
376,tura,25.5198,90.2201,14.16,40,4,1.15,IN,1708302282
377,kirs,59.3388,52.2447,-7.67,93,100,4.62,RU,1708302282
378,prieska,-29.6641,22.7474,20.79,14,0,2.31,ZA,1708302283
379,lucapa,-8.4192,20.7447,20.05,97,99,1.3,AO,1708302284
380,northam,51.0333,-4.2167,10.22,99,50,5.18,GB,1708302285
381,lumberton,34.6182,-79.0086,6.05,65,0,0.0,US,1708302286
382,vadso,70.0744,29.7487,-4.91,86,40,7.2,NO,1708302287
383,usogorsk,63.4106,48.6872,-12.96,96,97,2.71,RU,1708302289
384,el segundo,33.9192,-118.4165,19.21,74,75,5.14,US,1708302290
385,polyarnyy,69.1989,33.4478,-6.2,84,82,10.11,RU,1708302291
386,nova vicosa,-17.8919,-39.3719,25.08,92,100,3.97,BR,1708302292
387,vyritsa,59.4078,30.3481,-8.27,95,18,1.88,RU,1708302293
388,bodden town,19.2833,-81.25,25.0,87,75,5.66,KY,1708302294
389,muynoq,43.7683,59.0214,-2.59,59,100,6.98,UZ,1708302295
390,ambon,-3.6954,128.1814,30.08,70,40,3.6,ID,1708302296
391,komsomol'sk,49.0097,33.6455,-1.01,72,99,3.33,UA,1708302296
392,whangarei,-35.7317,174.3239,26.9,41,48,0.63,NZ,1708302024
393,meadow lakes,61.6247,-149.6011,5.9,61,100,1.54,US,1708302298
394,kurmuk,10.55,34.2833,26.76,22,100,3.74,SD,1708302299
395,middelburg,-25.7751,29.4648,18.07,85,96,2.9,ZA,1708302300
396,ciudad bolivar,8.1222,-63.5497,31.5,31,35,4.96,VE,1708302301
397,sweetwater,25.7634,-80.3731,19.45,97,100,0.0,US,1708302303
398,geraldton,-28.7667,114.6,40.23,9,71,8.23,AU,1708302304
399,saynshand,44.8824,110.1163,-29.62,79,2,2.45,MN,1708302305
400,loikaw,19.6742,97.2094,11.47,24,0,1.25,MM,1708302306
401,sierra grande,-41.606,-65.3557,26.75,19,72,8.63,AR,1708302307
402,utete,-7.986,38.758,24.58,97,100,0.48,TZ,1708302309
403,bodo,67.28,14.405,-3.98,93,100,4.12,NO,1708302310
404,uturoa,-16.7333,-151.4333,28.33,78,100,6.07,PF,1708302311
405,faya-largeau,17.9257,19.1043,19.16,18,26,7.21,TD,1708302312
406,victoria,22.2855,114.1577,23.03,89,87,4.02,HK,1708302313
407,goba,7.0167,39.9833,12.59,72,93,1.14,ET,1708302314
408,tamanrasset,22.785,5.5228,10.95,19,0,1.03,DZ,1708302315
409,gulf breeze,30.3571,-87.1639,11.17,41,0,3.6,US,1708302316
410,nizhnevartovsk,60.9344,76.5531,-26.66,76,0,4.02,RU,1708302267
411,sola,-13.8833,167.55,32.37,70,40,0.0,VU,1708302319
412,kamwenge,0.1866,30.4539,18.28,90,90,0.66,UG,1708302320
413,dompu,-8.5356,118.4622,27.58,86,40,0.67,ID,1708302321
414,aleg,17.0481,-13.9209,28.34,9,0,5.53,MR,1708302323
415,ola,59.5833,151.2833,-19.5,73,99,2.31,RU,1708302324
416,romblon,12.5751,122.2708,25.7,80,72,7.2,PH,1708302325
417,mount pearl,47.5166,-52.7813,-5.38,88,40,12.86,CA,1708302034
418,verkh-chebula,56.0308,87.6218,-33.95,100,12,0.6,RU,1708302327
419,chandia,23.65,80.7,18.73,50,8,2.58,IN,1708302328
420,curaca,-8.9903,-39.9094,26.96,68,55,3.44,BR,1708302329
421,great falls,47.5002,-111.3008,4.12,66,0,7.2,US,1708302313
422,natal,-5.795,-35.2094,29.12,84,75,4.12,BR,1708302080
423,kapa'a,22.0752,-159.319,24.99,55,20,8.75,US,1708302331
424,souillac,-20.5167,57.5167,26.21,69,40,4.63,MU,1708302332
425,kerikeri,-35.2268,173.9474,24.92,49,61,3.05,NZ,1708302333
426,areka,7.0667,37.7,20.9,61,100,1.18,ET,1708302334
427,boma,7.0805,-2.1697,26.53,62,66,1.31,GH,1708302335
428,acapulco de juarez,16.8634,-99.8901,27.9,54,0,2.06,MX,1708302336
429,coronel suarez,-37.4547,-61.9334,23.08,59,65,2.88,AR,1708302337
430,recreo,-29.2818,-65.061,26.47,55,67,2.6,AR,1708302338
431,iskateley,67.6803,53.1512,-12.21,94,99,5.81,RU,1708302339
432,kaa-khem,51.6833,94.7333,-31.44,88,100,1.77,RU,1708302136
433,serdar,38.9764,56.2757,-2.87,90,90,1.57,TM,1708302341
434,gremyachinsk,58.5603,57.851,-13.29,83,80,5.72,RU,1708302342
435,itoman,26.1247,127.6694,24.49,83,20,6.69,JP,1708302343
436,san juan,-31.5375,-68.5364,30.59,35,6,3.45,AR,1708302049
437,siwa oasis,29.2041,25.5195,12.66,70,5,3.56,EG,1708302345
438,mtwara,-10.2667,40.1833,26.2,88,100,2.01,TZ,1708302346
439,chibougamau,49.9168,-74.3659,-15.21,78,100,3.09,CA,1708302346
440,nizhnedevitsk,51.5419,38.3657,-5.26,93,66,3.79,RU,1708302347
441,gainesville,29.6516,-82.3248,12.08,70,100,4.63,US,1708302116
442,chipurupalle,18.3,83.5667,19.45,77,46,1.17,IN,1708302354
443,leava,-14.3,-178.1667,26.53,87,100,3.01,WF,1708302355
444,zaranj,30.9667,61.8833,6.98,51,75,10.15,AF,1708302356
445,villamontes,-21.25,-63.5,23.88,93,100,1.85,BO,1708302363
446,santa cruz,-17.8,-63.1667,27.7,89,75,3.09,BO,1708302364
447,lethem,3.3803,-59.7968,29.14,47,23,4.07,GY,1708302365
448,gananoque,44.3334,-76.1661,-0.59,90,100,10.04,CA,1708302314
449,severo-yeniseyskiy,60.3725,93.0408,-39.12,100,95,1.79,RU,1708302091
450,ulanhot,46.0833,122.0833,-18.33,58,46,4.81,CN,1708302184
451,lewiston orchards,46.3804,-116.9754,5.95,86,75,2.06,US,1708302369
452,luderitz,-26.6481,15.1594,16.75,79,0,3.48,NA,1708302370
453,smidovich,48.6,133.8167,-9.8,95,100,3.4,RU,1708302256
454,la'ie,21.6477,-157.9253,25.98,55,20,4.02,US,1708302372
455,rikaze,29.25,88.8833,-2.56,55,50,1.47,CN,1708302373
456,sal rei,16.1833,-22.9167,22.67,80,0,8.92,CV,1708302374
457,quellon,-43.1167,-73.6167,13.85,77,68,4.56,CL,1708302375
458,suva,-18.1416,178.4415,27.71,94,75,3.6,FJ,1708302177
459,sanctuary point,-35.1114,150.629,24.3,89,100,3.29,AU,1708302377
460,boda,4.3189,17.4695,23.23,82,92,1.05,CF,1708302378
461,namibe,-15.1961,12.1522,27.1,74,100,2.83,AO,1708302379
462,weno,7.4515,151.8468,27.48,71,87,9.59,FM,1708302380
463,gamba,-2.65,10.0,26.37,83,31,1.28,GA,1708302381
464,kastsyukovichy,53.3516,32.0506,-4.25,88,5,2.73,BY,1708302382
465,coquimbo,-29.9533,-71.3436,18.85,82,100,3.09,CL,1708302383
466,mount isa,-20.7333,139.5,27.87,74,100,4.63,AU,1708302384
467,auki,-8.7676,160.7034,29.75,70,53,2.92,SB,1708302386
468,castillos,-34.1667,-53.8333,22.38,95,61,4.77,UY,1708302387
469,rabo de peixe,37.8,-25.5833,17.77,99,20,1.03,PT,1708302388
470,igarka,67.4667,86.5833,-21.8,87,100,10.18,RU,1708302389
471,kingston,17.997,-76.7936,27.53,75,20,9.77,JM,1708302100
472,hami,42.8,93.45,-9.94,26,93,1.52,CN,1708302392
473,ejirin,6.6142,3.9002,27.1,86,10,1.34,NG,1708302393
474,kavaratti,10.5669,72.642,27.74,75,75,2.59,IN,1708302394
475,suwayr,30.1171,40.3893,9.52,60,2,1.35,SA,1708302395
476,mocimboa,-11.3167,40.35,25.3,90,100,1.24,MZ,1708302396
477,pavlogradka,54.2024,73.5592,-35.99,100,67,1.19,RU,1708302397
478,tataouine,32.9297,10.4518,11.9,96,69,4.02,TN,1708302398
479,pangai,-19.8,-174.35,30.06,66,75,7.72,TO,1708302399
480,carutapera,-1.195,-46.02,25.45,93,100,4.09,BR,1708302400
481,pudozh,61.8099,36.5345,-17.98,100,91,1.36,RU,1708302401
482,twon-brass,4.3151,6.2418,28.32,84,6,4.41,NG,1708302402
483,esikhaleni,-28.871,31.8996,22.9,81,79,3.93,ZA,1708302403
484,dakoro,14.5106,6.765,20.22,10,87,4.89,NE,1708302404
485,protaras,35.0125,34.0583,11.66,83,26,4.47,CY,1708302405
486,kuala tungkal,-0.8167,103.4667,25.27,92,85,1.48,ID,1708302406
487,amga,60.8953,131.9608,-30.92,98,100,1.46,RU,1708302407
488,kaohsiung,22.6163,120.3133,26.69,70,40,1.54,TW,1708302408
489,port hedland,-20.3167,118.5667,35.03,41,57,2.06,AU,1708302409
490,kamaishi,39.2667,141.8833,12.24,79,86,5.6,JP,1708302410
491,baicheng,45.6167,122.8167,-14.01,43,97,6.92,CN,1708302411
492,hasaki,35.7333,140.8333,17.22,68,24,9.88,JP,1708302411
493,kimje,35.8017,126.8889,11.94,99,100,2.26,KR,1708302412
494,cambria,35.5641,-121.0808,18.09,92,95,3.58,US,1708302194
495,entebbe,0.0644,32.4469,23.27,72,35,2.16,UG,1708302138
496,talara,-4.5772,-81.2719,27.42,78,100,4.12,PE,1708302415
497,bukhara,39.7747,64.4286,-5.03,80,100,2.06,UZ,1708302416
498,rozhyshche,50.9154,25.2691,0.2,97,88,2.57,UA,1708302417
499,sinabang,2.4803,96.3801,26.93,80,100,0.63,ID,1708302419
500,margate,51.3813,1.3862,9.83,83,4,1.34,GB,1708302420
501,kirby,29.4633,-98.3856,13.22,41,20,4.12,US,1708302421
502,ciudad lazaro cardenas,17.9583,-102.2,25.51,66,0,2.55,MX,1708302224
503,balabac,7.9868,117.0645,27.31,81,71,7.82,PH,1708302423
504,sivasli,38.4994,29.6836,0.98,83,2,2.71,TR,1708302424
505,konakovo,56.7,36.7667,-8.26,96,95,2.12,RU,1708302425
506,dwarka,22.2394,68.9678,22.82,74,73,5.58,IN,1708302426
507,rabigh,22.7986,39.0349,20.94,54,30,5.63,SA,1708302427
508,turpan,42.9333,89.1667,-6.88,28,36,0.51,CN,1708302428
509,inhambane,-23.865,35.3833,26.63,77,65,5.87,MZ,1708302429
510,skeldon,5.8833,-57.1333,25.76,77,71,3.98,GY,1708302430
511,ad-damazin,11.7891,34.3592,26.98,24,94,4.88,SD,1708302431
512,ebon,4.582,168.6964,28.04,82,98,7.02,MH,1708302432
513,conde,-7.2597,-34.9075,26.7,94,20,1.54,BR,1708302433
514,juanjui,-7.1779,-76.7314,24.61,96,100,0.55,PE,1708302434
515,phillip island,-38.4835,145.231,20.0,74,99,4.59,AU,1708302435
516,grootfontein,-19.5667,18.1167,20.76,37,50,1.54,NA,1708302436
517,alice springs,-23.7,133.8833,30.68,50,100,6.17,AU,1708302438
518,york beach,43.1717,-70.6089,0.56,55,77,4.02,US,1708302439
519,alton,38.8906,-90.1843,7.06,56,0,2.57,US,1708302156
520,shiyan,32.6475,110.7781,10.19,41,100,1.35,CN,1708302441
521,mejit,10.2753,170.8646,27.09,80,96,6.06,MH,1708302441
522,kiunga,-6.1219,141.2906,27.18,84,97,0.66,PG,1708302442
523,la dorada,5.4478,-74.6631,28.52,76,70,0.7,CO,1708302444
524,freetown,8.484,-13.2299,27.84,74,2,4.12,SL,1708302445
525,marquette,46.5333,-87.6335,-5.31,74,94,1.96,US,1708302446
526,poso,-1.3959,120.7524,27.65,65,15,0.6,ID,1708302446
527,luebo,-5.35,21.4167,21.96,99,82,0.6,CD,1708302447
528,floresville,29.1336,-98.1561,13.03,42,4,1.36,US,1708302448
529,veliko turnovo,43.0812,25.629,5.66,93,100,2.06,BG,1708302241
530,nova sintra,14.8667,-24.7167,20.93,78,0,9.16,CV,1708302450
531,thomson,33.4707,-82.5046,6.14,73,0,0.0,US,1708302344
532,selfoss,63.9331,-20.9971,3.91,98,100,2.83,IS,1708302452
533,lae,-6.7221,146.9847,32.37,55,93,1.21,PG,1708302453
534,grand baie,-20.0182,57.5802,26.36,71,99,2.68,MU,1708302454
535,obolensk,54.9774,37.2245,-6.72,95,95,2.32,RU,1708302455
536,canyon lake,29.8752,-98.2625,12.46,45,3,0.89,US,1708302441
537,trashi yangtse,27.6116,91.498,7.66,89,97,0.42,BT,1708302457
538,villa angela,-27.5738,-60.7153,26.91,48,20,2.91,AR,1708302458
539,bulayevo,54.9056,70.4439,-34.34,100,100,2.14,KZ,1708302459
540,caska,41.6506,21.6622,1.29,75,8,0.93,MK,1708302460
541,yuzhno-kurilsk,44.0306,145.8556,0.21,75,74,4.74,RU,1708302461
542,syktyvkar,61.6764,50.8099,-8.15,85,100,3.13,RU,1708302462
543,dolores,-36.3132,-57.6792,20.28,90,67,2.99,AR,1708302463
544,akbarabad,29.2464,52.7793,4.79,52,0,1.44,IR,1708302464
545,timbuktu,16.7735,-3.0074,22.89,11,4,4.71,ML,1708302465
546,antofagasta,-23.65,-70.4,20.6,81,91,1.94,CL,1708302466
547,tangalle,6.024,80.7911,24.09,83,53,6.74,LK,1708302467
548,verdal,63.7933,11.4817,-7.98,88,96,1.75,NO,1708302469
549,papao,-17.75,-149.55,31.82,77,100,7.74,PF,1708302470
550,anori,-3.7728,-61.6442,25.17,91,98,1.82,BR,1708302471
551,sitia,35.2,26.0986,13.88,68,28,11.37,GR,1708302472
552,itaituba,-4.2761,-55.9836,27.09,94,40,1.03,BR,1708302473
553,loiza,18.4313,-65.8802,26.99,79,20,3.09,PR,1708302475
554,bambanglipuro,-7.95,110.2833,26.87,84,94,1.28,ID,1708302476
555,pacocha,-17.5833,-71.3333,22.29,87,95,0.94,PE,1708302477
556,nam som,17.7704,102.1895,21.61,57,2,1.5,TH,1708302478
557,flin flon,54.7682,-101.865,-16.09,55,20,1.03,CA,1708302479
558,champerico,14.3,-91.9167,29.3,64,100,4.65,GT,1708302481
559,suileng,47.25,127.0833,-18.77,85,84,4.42,CN,1708302482
560,paita,-5.0892,-81.1144,26.11,80,75,6.21,PE,1708302484
561,tazacorte,28.629,-17.9293,21.75,35,100,7.15,ES,1708302486
562,wanning,18.8003,110.3967,22.04,92,96,3.9,CN,1708302487
563,naha,26.2125,127.6811,24.15,82,20,6.69,JP,1708302202
564,troitsko-pechorsk,62.7084,56.1964,-7.95,92,100,5.36,RU,1708302490
565,vorkuta,67.5,64.0,-10.9,92,100,8.12,RU,1708302491
566,maridi,4.9158,29.4742,24.58,29,95,1.12,SS,1708302492
567,soroti,1.7146,33.6111,22.18,65,82,2.51,UG,1708302493
568,popovaca,44.6392,15.1792,6.44,84,68,0.91,HR,1708302494
569,jayapura,-2.5333,140.7,28.66,75,89,0.52,ID,1708302495
570,peterborough,52.5736,-0.2478,10.73,87,75,2.57,GB,1708302234
571,fort bragg,35.139,-79.006,7.12,48,0,2.57,US,1708302218
